{
  "builder_name": "generator",
  "citation": "",
  "config_name": "default",
  "dataset_size": 31194156,
  "description": "",
  "download_checksums": {},
  "download_size": 0,
  "features": {
    "node_ids": {
      "dtype": "int64",
      "_type": "Value"
    },
    "desc": {
      "dtype": "string",
      "_type": "Value"
    },
    "label": {
      "dtype": "int64",
      "_type": "Value"
    },
    "atom": {
      "dtype": "int64",
      "_type": "Value"
    },
    "symbol": {
      "dtype": "string",
      "_type": "Value"
    }
  },
  "homepage": "",
  "license": "",
  "size_in_bytes": 31194156,
  "splits": {
    "train": {
      "name": "train",
      "num_bytes": 31194156,
      "num_examples": 150000,
      "dataset_name": "generator"
    }
  },
  "version": {
    "version_str": "0.0.0",
    "major": 0,
    "minor": 0,
    "patch": 0
  }
}