{
  "builder_name": "generator",
  "citation": "",
  "config_name": "default",
  "dataset_name": "generator",
  "dataset_size": 41750494,
  "description": "",
  "download_checksums": {},
  "download_size": 0,
  "features": {
    "node_ids": {
      "dtype": "int64",
      "_type": "Value"
    },
    "desc": {
      "dtype": "string",
      "_type": "Value"
    },
    "label": {
      "dtype": "int64",
      "_type": "Value"
    },
    "value": {
      "dtype": "int64",
      "_type": "Value"
    },
    "path": {
      "feature": {
        "dtype": "int64",
        "_type": "Value"
      },
      "_type": "Sequence"
    },
    "dest": {
      "dtype": "int64",
      "_type": "Value"
    }
  },
  "homepage": "",
  "license": "",
  "size_in_bytes": 41750494,
  "splits": {
    "train": {
      "name": "train",
      "num_bytes": 41750494,
      "num_examples": 200000,
      "dataset_name": "generator"
    }
  },
  "version": {
    "version_str": "0.0.0",
    "major": 0,
    "minor": 0,
    "patch": 0
  }
}